"V1","V2","V3","V4","V5","V6","V7","V8","V9","V10","V11","V12","V13","V14","V15","V16","V17","V18","V19","V20","V21"
"TABLE: s1","","","","","","","","","","","","","","","","","","","",""
"N","N = 151","N = 0","N = 42","N = 0","N = 2","N = 2","N = 125","N = 8","N = 76","N = 75","N = 34","N = 76","N = 35","N = 6","N = 49","N = 28","N = 28","N = 45","N = 112","N = 39"
"Mean","Mean = 1.68","Mean = NaN","Mean = 1.69","Mean = NaN","Mean = 2","Mean = 2","Mean = 1.7","Mean = 1.38","Mean = 1.67","Mean = 1.68","Mean = 1.79","Mean = 1.63","Mean = 1.63","Mean = 1.83","Mean = 1.73","Mean = 1.54","Mean = 1.71","Mean = 1.67","Mean = 1.64","Mean = 1.77"
"Median","Median = 2","Median = NA","Median = 2","Median = NA","Median = 2","Median = 2","Median = 2","Median = 1","Median = 2","Median = 2","Median = 2","Median = 2","Median = 2","Median = 2","Median = 2","Median = 2","Median = 2","Median = 2","Median = 2","Median = 2"
"SD","SD = 0.47","SD = NA","SD = 0.47","SD = NA","SD = 0","SD = 0","SD = 0.46","SD = 0.52","SD = 0.47","SD = 0.47","SD = 0.41","SD = 0.49","SD = 0.49","SD = 0.41","SD = 0.45","SD = 0.51","SD = 0.46","SD = 0.48","SD = 0.48","SD = 0.43"
"","","","","","","","","","","","","","","","","","","","",""
"","","","","","","","","","","","","","","","","","","","",""
"TABLE: s2b","","","","","","","","","","","","","","","","","","","",""
"N","N = 133","N = 0","N = 38","N = 0","N = 2","N = 2","N = 125","N = 8","N = 68","N = 65","N = 31","N = 62","N = 34","N = 6","N = 44","N = 24","N = 25","N = 39","N = 95","N = 38"
"Mean","Mean = 1.1","Mean = NaN","Mean = 1","Mean = NaN","Mean = 1","Mean = 1","Mean = 1","Mean = 2.62","Mean = 1.06","Mean = 1.14","Mean = 1.13","Mean = 1.1","Mean = 1.09","Mean = 1","Mean = 1.09","Mean = 1.21","Mean = 1.12","Mean = 1.03","Mean = 1.13","Mean = 1.03"
"Median","Median = 1","Median = NA","Median = 1","Median = NA","Median = 1","Median = 1","Median = 1","Median = 3","Median = 1","Median = 1","Median = 1","Median = 1","Median = 1","Median = 1","Median = 1","Median = 1","Median = 1","Median = 1","Median = 1","Median = 1"
"SD","SD = 0.41","SD = NA","SD = 0","SD = NA","SD = 0","SD = 0","SD = 0","SD = 0.52","SD = 0.29","SD = 0.5","SD = 0.5","SD = 0.39","SD = 0.38","SD = 0","SD = 0.42","SD = 0.59","SD = 0.44","SD = 0.16","SD = 0.47","SD = 0.16"
"","","","","","","","","","","","","","","","","","","","",""
"","","","","","","","","","","","","","","","","","","","",""
"TABLE: s2","","","","","","","","","","","","","","","","","","","",""
"N","N = 143","N = 0","N = 42","N = 0","N = 2","N = 2","N = 125","N = 0","N = 73","N = 70","N = 32","N = 72","N = 33","N = 6","N = 47","N = 25","N = 26","N = 44","N = 105","N = 38"
"Mean","Mean = 1.47","Mean = NaN","Mean = 2","Mean = NaN","Mean = 4","Mean = 5","Mean = 1.42","Mean = NaN","Mean = 1.16","Mean = 1.79","Mean = 1.44","Mean = 1.5","Mean = 1.45","Mean = 1.33","Mean = 1.23","Mean = 1.44","Mean = 2.23","Mean = 1.3","Mean = 1.32","Mean = 1.87"
"Median","Median = 1","Median = NA","Median = 2","Median = NA","Median = 4","Median = 5","Median = 1","Median = NA","Median = 1","Median = 2","Median = 1","Median = 1","Median = 1","Median = 1","Median = 1","Median = 1","Median = 2","Median = 1","Median = 1","Median = 2"
"SD","SD = 0.93","SD = NA","SD = 0","SD = NA","SD = 0","SD = 0","SD = 0.73","SD = NA","SD = 0.37","SD = 1.19","SD = 1.27","SD = 0.84","SD = 0.79","SD = 0.52","SD = 0.91","SD = 1.04","SD = 0.82","SD = 0.7","SD = 0.87","SD = 0.96"
"","","","","","","","","","","","","","","","","","","","",""
"","","","","","","","","","","","","","","","","","","","",""
"TABLE: s2a","","","","","","","","","","","","","","","","","","","",""
"N","N = 10","N = 0","N = 0","N = 0","N = 0","N = 0","N = 0","N = 8","N = 3","N = 7","N = 3","N = 5","N = 2","N = 0","N = 3","N = 4","N = 2","N = 1","N = 9","N = 1"
"Mean","Mean = 1","Mean = NaN","Mean = NaN","Mean = NaN","Mean = NaN","Mean = NaN","Mean = NaN","Mean = 1","Mean = 1","Mean = 1","Mean = 1","Mean = 1","Mean = 1","Mean = NaN","Mean = 1","Mean = 1","Mean = 1","Mean = 1","Mean = 1","Mean = 1"
"Median","Median = 1","Median = NA","Median = NA","Median = NA","Median = NA","Median = NA","Median = NA","Median = 1","Median = 1","Median = 1","Median = 1","Median = 1","Median = 1","Median = NA","Median = 1","Median = 1","Median = 1","Median = 1","Median = 1","Median = 1"
"SD","SD = 0","SD = NA","SD = NA","SD = NA","SD = NA","SD = NA","SD = NA","SD = 0","SD = 0","SD = 0","SD = 0","SD = 0","SD = 0","SD = NA","SD = 0","SD = 0","SD = 0","SD = NA","SD = 0","SD = NA"
"","","","","","","","","","","","","","","","","","","","",""
"","","","","","","","","","","","","","","","","","","","",""
"TABLE: qspecialty","","","","","","","","","","","","","","","","","","","",""
"N","N = 151","N = 0","N = 42","N = 0","N = 2","N = 2","N = 125","N = 8","N = 76","N = 75","N = 34","N = 76","N = 35","N = 6","N = 49","N = 28","N = 28","N = 45","N = 112","N = 39"
"Mean","Mean = 1.41","Mean = NaN","Mean = 2","Mean = NaN","Mean = 1","Mean = 1","Mean = 1.3","Mean = 3","Mean = 1.24","Mean = 1.59","Mean = 1.29","Mean = 1.49","Mean = 1.37","Mean = 1.33","Mean = 1.22","Mean = 1.5","Mean = 2","Mean = 1.2","Mean = 1.34","Mean = 1.62"
"Median","Median = 1","Median = NA","Median = 2","Median = NA","Median = 1","Median = 1","Median = 1","Median = 3","Median = 1","Median = 1","Median = 1","Median = 1","Median = 1","Median = 1","Median = 1","Median = 1","Median = 2","Median = 1","Median = 1","Median = 2"
"SD","SD = 0.61","SD = NA","SD = 0","SD = NA","SD = 0","SD = 0","SD = 0.46","SD = 0","SD = 0.51","SD = 0.66","SD = 0.63","SD = 0.62","SD = 0.6","SD = 0.52","SD = 0.55","SD = 0.75","SD = 0.38","SD = 0.46","SD = 0.62","SD = 0.54"
"","","","","","","","","","","","","","","","","","","","",""
"","","","","","","","","","","","","","","","","","","","",""
"TABLE: s3a","","","","","","","","","","","","","","","","","","","",""
"N","N = 95","N = 0","N = 0","N = 0","N = 0","N = 0","N = 83","N = 0","N = 61","N = 34","N = 26","N = 43","N = 22","N = 4","N = 41","N = 18","N = 0","N = 35","N = 82","N = 13"
"Mean","Mean = 1.75","Mean = NaN","Mean = NaN","Mean = NaN","Mean = NaN","Mean = NaN","Mean = 1.76","Mean = NaN","Mean = 1.7","Mean = 1.82","Mean = 1.73","Mean = 1.77","Mean = 1.77","Mean = 1.5","Mean = 1.8","Mean = 1.44","Mean = NaN","Mean = 1.83","Mean = 1.74","Mean = 1.77"
"Median","Median = 2","Median = NA","Median = NA","Median = NA","Median = NA","Median = NA","Median = 2","Median = NA","Median = 2","Median = 2","Median = 2","Median = 2","Median = 2","Median = 1.5","Median = 2","Median = 1","Median = NA","Median = 2","Median = 2","Median = 2"
"SD","SD = 0.58","SD = NA","SD = NA","SD = NA","SD = NA","SD = NA","SD = 0.58","SD = NA","SD = 0.64","SD = 0.46","SD = 0.67","SD = 0.57","SD = 0.53","SD = 0.58","SD = 0.56","SD = 0.62","SD = NA","SD = 0.57","SD = 0.58","SD = 0.6"
"","","","","","","","","","","","","","","","","","","","",""
"","","","","","","","","","","","","","","","","","","","",""
"TABLE: s4","","","","","","","","","","","","","","","","","","","",""
"N","N = 151","N = 0","N = 42","N = 0","N = 2","N = 2","N = 125","N = 8","N = 76","N = 75","N = 34","N = 76","N = 35","N = 6","N = 49","N = 28","N = 28","N = 45","N = 112","N = 39"
"Mean","Mean = 2","Mean = NaN","Mean = 2","Mean = NaN","Mean = 2","Mean = 2","Mean = 2","Mean = 2","Mean = 2","Mean = 2","Mean = 2","Mean = 2","Mean = 2","Mean = 2","Mean = 2","Mean = 2","Mean = 2","Mean = 2","Mean = 2","Mean = 2"
"Median","Median = 2","Median = NA","Median = 2","Median = NA","Median = 2","Median = 2","Median = 2","Median = 2","Median = 2","Median = 2","Median = 2","Median = 2","Median = 2","Median = 2","Median = 2","Median = 2","Median = 2","Median = 2","Median = 2","Median = 2"
"SD","SD = 0","SD = NA","SD = 0","SD = NA","SD = 0","SD = 0","SD = 0","SD = 0","SD = 0","SD = 0","SD = 0","SD = 0","SD = 0","SD = 0","SD = 0","SD = 0","SD = 0","SD = 0","SD = 0","SD = 0"
"","","","","","","","","","","","","","","","","","","","",""
"","","","","","","","","","","","","","","","","","","","",""
"TABLE: s6","","","","","","","","","","","","","","","","","","","",""
"N","N = 151","N = 0","N = 42","N = 0","N = 2","N = 2","N = 125","N = 8","N = 76","N = 75","N = 34","N = 76","N = 35","N = 6","N = 49","N = 28","N = 28","N = 45","N = 112","N = 39"
"Mean","Mean = 18.28","Mean = NaN","Mean = 21.17","Mean = NaN","Mean = 22.5","Mean = 32.5","Mean = 18.8","Mean = 16.12","Mean = 17.82","Mean = 18.75","Mean = 20.5","Mean = 18.28","Mean = 16.83","Mean = 14.17","Mean = 19.47","Mean = 17.14","Mean = 22.46","Mean = 15.33","Mean = 17.3","Mean = 21.08"
"Median","Median = 18","Median = NA","Median = 24","Median = NA","Median = 22.5","Median = 32.5","Median = 19","Median = 13.5","Median = 18.5","Median = 17","Median = 22","Median = 17.5","Median = 15","Median = 12","Median = 21","Median = 13.5","Median = 24.5","Median = 15","Median = 15.5","Median = 23"
"SD","SD = 9.07","SD = NA","SD = 9.09","SD = NA","SD = 10.61","SD = 3.54","SD = 9.01","SD = 10.44","SD = 8.67","SD = 9.5","SD = 9.2","SD = 9.25","SD = 8.19","SD = 9.99","SD = 9.4","SD = 9.47","SD = 7.53","SD = 8.3","SD = 9.09","SD = 8.51"
"","","","","","","","","","","","","","","","","","","","",""
"","","","","","","","","","","","","","","","","","","","",""
"TABLE: s7","","","","","","","","","","","","","","","","","","","",""
"Full-Time","151 (100%)","0 (0%)","42 (84%)","0 (0%)","2 (20%)","2 (20%)","125 (87.4%)","8 (100%)","76 (100%)","75 (100%)","34 (100%)","76 (100%)","35 (100%)","6 (100%)","49 (100%)","28 (100%)","28 (100%)","45 (100%)","112 (100%)","39 (100%)"
"Part-Time","0 (0%)","0 (0%)","0 (0%)","0 (0%)","0 (0%)","0 (0%)","0 (0%)","0 (0%)","0 (0%)","0 (0%)","0 (0%)","0 (0%)","0 (0%)","0 (0%)","0 (0%)","0 (0%)","0 (0%)","0 (0%)","0 (0%)","0 (0%)"
"","","","","","","","","","","","","","","","","","","","",""
"","","","","","","","","","","","","","","","","","","","",""
"TABLE: s9","","","","","","","","","","","","","","","","","","","",""
"N","N = 151","N = 0","N = 42","N = 0","N = 2","N = 2","N = 125","N = 8","N = 76","N = 75","N = 34","N = 76","N = 35","N = 6","N = 49","N = 28","N = 28","N = 45","N = 112","N = 39"
"Mean","Mean = 3.1","Mean = NaN","Mean = 2.02","Mean = NaN","Mean = 1.5","Mean = 2","Mean = 3.1","Mean = 3","Mean = 3.42","Mean = 2.77","Mean = 3.29","Mean = 3.01","Mean = 2.97","Mean = 3.83","Mean = 3.31","Mean = 3.32","Mean = 1.93","Mean = 3.4","Mean = 3.43","Mean = 2.15"
"Median","Median = 2","Median = NA","Median = 2","Median = NA","Median = 1.5","Median = 2","Median = 2","Median = 2.5","Median = 3","Median = 2","Median = 2","Median = 2","Median = 2","Median = 3.5","Median = 2","Median = 3","Median = 2","Median = 2","Median = 3","Median = 2"
"SD","SD = 1.77","SD = NA","SD = 1.12","SD = NA","SD = 0.71","SD = 0","SD = 1.81","SD = 1.77","SD = 1.82","SD = 1.67","SD = 1.87","SD = 1.75","SD = 1.71","SD = 2.04","SD = 1.78","SD = 1.76","SD = 0.98","SD = 1.88","SD = 1.75","SD = 1.5"
"","","","","","","","","","","","","","","","","","","","",""
"","","","","","","","","","","","","","","","","","","","",""
"TABLE: s10","","","","","","","","","","","","","","","","","","","",""
"N","N = 151","N = 0","N = 42","N = 0","N = 2","N = 2","N = 125","N = 8","N = 76","N = 75","N = 34","N = 76","N = 35","N = 6","N = 49","N = 28","N = 28","N = 45","N = 112","N = 39"
"Mean","Mean = 361.68","Mean = NaN","Mean = 407.14","Mean = NaN","Mean = 600","Mean = 375","Mean = 369.86","Mean = 265.62","Mean = 419.45","Mean = 303.15","Mean = 359.68","Mean = 383.03","Mean = 337.14","Mean = 245.83","Mean = 357.43","Mean = 365.54","Mean = 402.5","Mean = 342.67","Mean = 354.23","Mean = 383.08"
"Median","Median = 350","Median = NA","Median = 400","Median = NA","Median = 600","Median = 375","Median = 350","Median = 272.5","Median = 400","Median = 300","Median = 375","Median = 400","Median = 300","Median = 225","Median = 400","Median = 350","Median = 400","Median = 300","Median = 350","Median = 400"
"SD","SD = 156.45","SD = NA","SD = 124.53","SD = NA","SD = 282.84","SD = 176.78","SD = 149.6","SD = 118.91","SD = 145.17","SD = 146.13","SD = 124.16","SD = 161.04","SD = 174.74","SD = 92.76","SD = 137.89","SD = 174.89","SD = 135.72","SD = 174.28","SD = 159.15","SD = 148.31"
"","","","","","","","","","","","","","","","","","","","",""
"","","","","","","","","","","","","","","","","","","","",""
"TABLE: s11","","","","","","","","","","","","","","","","","","","",""
"N","N = 151","N = 0","N = 42","N = 0","N = 2","N = 2","N = 125","N = 8","N = 76","N = 75","N = 34","N = 76","N = 35","N = 6","N = 49","N = 28","N = 28","N = 45","N = 112","N = 39"
"Mean","Mean = 167.24","Mean = NaN","Mean = 110.1","Mean = NaN","Mean = 57.5","Mean = 85","Mean = 171.7","Mean = 147.5","Mean = 256.83","Mean = 76.45","Mean = 209.68","Mean = 170.59","Mean = 127.83","Mean = 114.17","Mean = 207.12","Mean = 187.68","Mean = 99.07","Mean = 155","Mean = 181.95","Mean = 125"
"Median","Median = 150","Median = NA","Median = 80","Median = NA","Median = 57.5","Median = 85","Median = 150","Median = 100","Median = 200.5","Median = 75","Median = 200","Median = 150","Median = 90","Median = 125","Median = 170","Median = 150","Median = 77.5","Median = 150","Median = 150","Median = 100"
"SD","SD = 127.12","SD = NA","SD = 82","SD = NA","SD = 10.61","SD = 21.21","SD = 131.12","SD = 104.2","SD = 123.92","SD = 24.39","SD = 112.87","SD = 137.13","SD = 115.22","SD = 41.28","SD = 128.27","SD = 165.41","SD = 73.42","SD = 108.59","SD = 137.42","SD = 78.45"
"","","","","","","","","","","","","","","","","","","","",""
"","","","","","","","","","","","","","","","","","","","",""
"TABLE: a2a","","","","","","","","","","","","","","","","","","","",""
"N","N = 151","N = 0","N = 42","N = 0","N = 2","N = 2","N = 125","N = 8","N = 76","N = 75","N = 34","N = 76","N = 35","N = 6","N = 49","N = 28","N = 28","N = 45","N = 112","N = 39"
"Mean","Mean = 1.46","Mean = NaN","Mean = 1.57","Mean = NaN","Mean = 1","Mean = 2","Mean = 1.47","Mean = 1.5","Mean = 1.39","Mean = 1.52","Mean = 1.35","Mean = 1.45","Mean = 1.54","Mean = 1.67","Mean = 1.35","Mean = 1.39","Mean = 1.5","Mean = 1.58","Mean = 1.43","Mean = 1.54"
"Median","Median = 1","Median = NA","Median = 1","Median = NA","Median = 1","Median = 2","Median = 1","Median = 1","Median = 1","Median = 1","Median = 1","Median = 1","Median = 1","Median = 2","Median = 1","Median = 1","Median = 1","Median = 2","Median = 1","Median = 2"
"SD","SD = 0.6","SD = NA","SD = 0.67","SD = NA","SD = 0","SD = 1.41","SD = 0.6","SD = 0.76","SD = 0.57","SD = 0.62","SD = 0.54","SD = 0.6","SD = 0.66","SD = 0.52","SD = 0.52","SD = 0.57","SD = 0.69","SD = 0.62","SD = 0.61","SD = 0.55"
"","","","","","","","","","","","","","","","","","","","",""
"","","","","","","","","","","","","","","","","","","","",""
"TABLE: a2b","","","","","","","","","","","","","","","","","","","",""
"N","N = 151","N = 0","N = 42","N = 0","N = 2","N = 2","N = 125","N = 8","N = 76","N = 75","N = 34","N = 76","N = 35","N = 6","N = 49","N = 28","N = 28","N = 45","N = 112","N = 39"
"Mean","Mean = 1.38","Mean = NaN","Mean = 1.43","Mean = NaN","Mean = 1.5","Mean = 1","Mean = 1.4","Mean = 1.25","Mean = 1.41","Mean = 1.36","Mean = 1.24","Mean = 1.39","Mean = 1.49","Mean = 1.5","Mean = 1.33","Mean = 1.43","Mean = 1.43","Mean = 1.38","Mean = 1.38","Mean = 1.38"
"Median","Median = 1","Median = NA","Median = 1","Median = NA","Median = 1.5","Median = 1","Median = 1","Median = 1","Median = 1","Median = 1","Median = 1","Median = 1","Median = 1","Median = 1.5","Median = 1","Median = 1","Median = 1","Median = 1","Median = 1","Median = 1"
"SD","SD = 0.54","SD = NA","SD = 0.59","SD = NA","SD = 0.71","SD = 0","SD = 0.55","SD = 0.46","SD = 0.52","SD = 0.56","SD = 0.43","SD = 0.52","SD = 0.66","SD = 0.55","SD = 0.47","SD = 0.57","SD = 0.57","SD = 0.58","SD = 0.54","SD = 0.54"
"","","","","","","","","","","","","","","","","","","","",""
"","","","","","","","","","","","","","","","","","","","",""
"TABLE: a5","","","","","","","","","","","","","","","","","","","",""
"Within 3 months","51 (33.8%)","0 (0%)","10 (20%)","0 (0%)","1 (10%)","2 (20%)","39 (27.3%)","5 (62.5%)","26 (34.2%)","25 (33.3%)","12 (35.3%)","21 (27.6%)","16 (45.7%)","2 (33.3%)","15 (30.6%)","11 (39.3%)","7 (25%)","17 (37.8%)","38 (33.9%)","13 (33.3%)"
"4-6 months","26 (17.2%)","0 (0%)","9 (18%)","0 (0%)","0 (0%)","0 (0%)","21 (14.7%)","2 (25%)","8 (10.5%)","18 (24%)","3 (8.8%)","17 (22.4%)","4 (11.4%)","2 (33.3%)","6 (12.2%)","3 (10.7%)","8 (28.6%)","9 (20%)","20 (17.9%)","6 (15.4%)"
"7-12 months","17 (11.3%)","0 (0%)","7 (14%)","0 (0%)","1 (10%)","0 (0%)","15 (10.5%)","0 (0%)","7 (9.2%)","10 (13.3%)","2 (5.9%)","9 (11.8%)","6 (17.1%)","0 (0%)","4 (8.2%)","4 (14.3%)","4 (14.3%)","5 (11.1%)","12 (10.7%)","5 (12.8%)"
"Over a year","5 (3.3%)","0 (0%)","1 (2%)","0 (0%)","0 (0%)","0 (0%)","3 (2.1%)","0 (0%)","3 (3.9%)","2 (2.7%)","1 (2.9%)","3 (3.9%)","1 (2.9%)","0 (0%)","1 (2%)","1 (3.6%)","1 (3.6%)","2 (4.4%)","3 (2.7%)","2 (5.1%)"
"","","","","","","","","","","","","","","","","","","","",""
"","","","","","","","","","","","","","","","","","","","",""
"TABLE: region","","","","","","","","","","","","","","","","","","","",""
"N","N = 151","N = 0","N = 42","N = 0","N = 2","N = 2","N = 125","N = 8","N = 76","N = 75","N = 34","N = 76","N = 35","N = 6","N = 49","N = 28","N = 28","N = 45","N = 112","N = 39"
"Mean","Mean = 2.28","Mean = NaN","Mean = 2.19","Mean = NaN","Mean = 2.5","Mean = 3.5","Mean = 2.22","Mean = 2.62","Mean = 2.32","Mean = 2.24","Mean = 2.32","Mean = 2.3","Mean = 2.29","Mean = 1.67","Mean = 2.22","Mean = 2.32","Mean = 2.25","Mean = 2.36","Mean = 2.24","Mean = 2.38"
"Median","Median = 2","Median = NA","Median = 2","Median = NA","Median = 2.5","Median = 3.5","Median = 2","Median = 3","Median = 2","Median = 2","Median = 2","Median = 2","Median = 2","Median = 1.5","Median = 2","Median = 2","Median = 2","Median = 2","Median = 2","Median = 2"
"SD","SD = 1.07","SD = NA","SD = 0.97","SD = NA","SD = 2.12","SD = 0.71","SD = 1.11","SD = 0.52","SD = 1.07","SD = 1.06","SD = 1.01","SD = 1.08","SD = 1.13","SD = 0.82","SD = 1.12","SD = 0.98","SD = 0.97","SD = 1.13","SD = 1.06","SD = 1.09"
"","","","","","","","","","","","","","","","","","","","",""
"","","","","","","","","","","","","","","","","","","","",""
"TABLE: b3","","","","","","","","","","","","","","","","","","","",""
"N","N = 151","N = 0","N = 42","N = 0","N = 2","N = 2","N = 125","N = 8","N = 76","N = 75","N = 34","N = 76","N = 35","N = 6","N = 49","N = 28","N = 28","N = 45","N = 112","N = 39"
"Mean","Mean = 1.74","Mean = NaN","Mean = 2","Mean = NaN","Mean = 1.5","Mean = 1.5","Mean = 1.69","Mean = 2.12","Mean = 1.61","Mean = 1.87","Mean = 1.65","Mean = 1.76","Mean = 1.77","Mean = 1.67","Mean = 1.65","Mean = 1.79","Mean = 1.89","Mean = 1.71","Mean = 1.72","Mean = 1.77"
"Median","Median = 2","Median = NA","Median = 2","Median = NA","Median = 1.5","Median = 1.5","Median = 2","Median = 2","Median = 2","Median = 2","Median = 2","Median = 2","Median = 2","Median = 1.5","Median = 2","Median = 2","Median = 2","Median = 2","Median = 2","Median = 2"
"SD","SD = 0.66","SD = NA","SD = 0.7","SD = NA","SD = 0.71","SD = 0.71","SD = 0.65","SD = 0.83","SD = 0.61","SD = 0.68","SD = 0.49","SD = 0.69","SD = 0.73","SD = 0.82","SD = 0.56","SD = 0.74","SD = 0.63","SD = 0.73","SD = 0.66","SD = 0.67"
"","","","","","","","","","","","","","","","","","","","",""
"","","","","","","","","","","","","","","","","","","","",""
"TABLE: b4","","","","","","","","","","","","","","","","","","","",""
"N","N = 151","N = 0","N = 42","N = 0","N = 2","N = 2","N = 125","N = 8","N = 76","N = 75","N = 34","N = 76","N = 35","N = 6","N = 49","N = 28","N = 28","N = 45","N = 112","N = 39"
"Mean","Mean = 36.52","Mean = NaN","Mean = 16.19","Mean = NaN","Mean = 2.5","Mean = 64","Mean = 39.84","Mean = 27","Mean = 55.8","Mean = 16.99","Mean = 20.03","Mean = 43.51","Mean = 39.97","Mean = 21.33","Mean = 18.27","Mean = 84.5","Mean = 13.46","Mean = 40.04","Mean = 45.76","Mean = 10"
"Median","Median = 7","Median = NA","Median = 3","Median = NA","Median = 2.5","Median = 64","Median = 7","Median = 25","Median = 9","Median = 6","Median = 7.5","Median = 7","Median = 6","Median = 10.5","Median = 8","Median = 7","Median = 3","Median = 10","Median = 9.5","Median = 3"
"SD","SD = 133.13","SD = NA","SD = 48.15","SD = NA","SD = 2.12","SD = 86.27","SD = 145.52","SD = 21.5","SD = 182.2","SD = 38.89","SD = 25.36","SD = 148.86","SD = 167.74","SD = 27.53","SD = 22.66","SD = 238.65","SD = 26.87","SD = 149.15","SD = 153.11","SD = 22.66"
"","","","","","","","","","","","","","","","","","","","",""
"","","","","","","","","","","","","","","","","","","","",""
"TABLE: qconsent","","","","","","","","","","","","","","","","","","","",""
"N","N = 151","N = 0","N = 42","N = 0","N = 2","N = 2","N = 125","N = 8","N = 76","N = 75","N = 34","N = 76","N = 35","N = 6","N = 49","N = 28","N = 28","N = 45","N = 112","N = 39"
"Mean","Mean = 1.09","Mean = NaN","Mean = 1.07","Mean = NaN","Mean = 1","Mean = 1","Mean = 1.09","Mean = 1","Mean = 1.09","Mean = 1.09","Mean = 1.06","Mean = 1.12","Mean = 1.09","Mean = 1","Mean = 1.1","Mean = 1.04","Mean = 1","Mean = 1.18","Mean = 1.12","Mean = 1.03"
"Median","Median = 1","Median = NA","Median = 1","Median = NA","Median = 1","Median = 1","Median = 1","Median = 1","Median = 1","Median = 1","Median = 1","Median = 1","Median = 1","Median = 1","Median = 1","Median = 1","Median = 1","Median = 1","Median = 1","Median = 1"
"SD","SD = 0.29","SD = NA","SD = 0.26","SD = NA","SD = 0","SD = 0","SD = 0.28","SD = 0","SD = 0.29","SD = 0.29","SD = 0.24","SD = 0.33","SD = 0.28","SD = 0","SD = 0.31","SD = 0.19","SD = 0","SD = 0.39","SD = 0.32","SD = 0.16"
"","","","","","","","","","","","","","","","","","","","",""
"","","","","","","","","","","","","","","","","","","","",""
"TABLE: s5","","","","","","","","","","","","","","","","","","","",""
"Advertising Agency","0 (0%)","0 (0%)","0 (0%)","0 (0%)","0 (0%)","0 (0%)","0 (0%)","0 (0%)","0 (0%)","0 (0%)","0 (0%)","0 (0%)","0 (0%)","0 (0%)","0 (0%)","0 (0%)","0 (0%)","0 (0%)","0 (0%)","0 (0%)"
"Marketing/Market Research Firm","0 (0%)","0 (0%)","0 (0%)","0 (0%)","0 (0%)","0 (0%)","0 (0%)","0 (0%)","0 (0%)","0 (0%)","0 (0%)","0 (0%)","0 (0%)","0 (0%)","0 (0%)","0 (0%)","0 (0%)","0 (0%)","0 (0%)","0 (0%)"
"Public Relations Firm","0 (0%)","0 (0%)","0 (0%)","0 (0%)","0 (0%)","0 (0%)","0 (0%)","0 (0%)","0 (0%)","0 (0%)","0 (0%)","0 (0%)","0 (0%)","0 (0%)","0 (0%)","0 (0%)","0 (0%)","0 (0%)","0 (0%)","0 (0%)"
"Any media company (Print, Radio, TV, Internet)","0 (0%)","0 (0%)","0 (0%)","0 (0%)","0 (0%)","0 (0%)","0 (0%)","0 (0%)","0 (0%)","0 (0%)","0 (0%)","0 (0%)","0 (0%)","0 (0%)","0 (0%)","0 (0%)","0 (0%)","0 (0%)","0 (0%)","0 (0%)"
"Pharmaceutical Drug / Device Manufacturer (outside of clinical trials)","0 (0%)","0 (0%)","0 (0%)","0 (0%)","0 (0%)","0 (0%)","0 (0%)","0 (0%)","0 (0%)","0 (0%)","0 (0%)","0 (0%)","0 (0%)","0 (0%)","0 (0%)","0 (0%)","0 (0%)","0 (0%)","0 (0%)","0 (0%)"
"Governmental Regulatory Agency (e.g., Food & Drug Administration (FDA))","0 (0%)","0 (0%)","0 (0%)","0 (0%)","0 (0%)","0 (0%)","0 (0%)","0 (0%)","0 (0%)","0 (0%)","0 (0%)","0 (0%)","0 (0%)","0 (0%)","0 (0%)","0 (0%)","0 (0%)","0 (0%)","0 (0%)","0 (0%)"
"None of these","151 (100%)","0 (0%)","42 (84%)","0 (0%)","2 (20%)","2 (20%)","125 (87.4%)","8 (100%)","76 (100%)","75 (100%)","34 (100%)","76 (100%)","35 (100%)","6 (100%)","49 (100%)","28 (100%)","28 (100%)","45 (100%)","112 (100%)","39 (100%)"
"","","","","","","","","","","","","","","","","","","","",""
"","","","","","","","","","","","","","","","","","","","",""
"TABLE: s8","","","","","","","","","","","","","","","","","","","",""
"Treating/Managing patients","0 (0%)","0 (0%)","0 (0%)","0 (0%)","0 (0%)","0 (0%)","0 (0%)","0 (0%)","0 (0%)","0 (0%)","0 (0%)","0 (0%)","0 (0%)","0 (0%)","0 (0%)","0 (0%)","0 (0%)","0 (0%)","0 (0%)","0 (0%)"
"Performing academic functions (e.g., teaching, publishing)","4 (2.6%)","0 (0%)","0 (0%)","0 (0%)","0 (0%)","0 (0%)","2 (1.4%)","0 (0%)","2 (2.6%)","2 (2.7%)","1 (2.9%)","2 (2.6%)","1 (2.9%)","0 (0%)","2 (4.1%)","1 (3.6%)","0 (0%)","1 (2.2%)","4 (3.6%)","0 (0%)"
"Participating in clinical research","1 (0.7%)","0 (0%)","0 (0%)","0 (0%)","0 (0%)","0 (0%)","0 (0%)","0 (0%)","1 (1.3%)","0 (0%)","1 (2.9%)","0 (0%)","0 (0%)","0 (0%)","0 (0%)","1 (3.6%)","0 (0%)","0 (0%)","1 (0.9%)","0 (0%)"
"Performing other functions","1 (0.7%)","0 (0%)","0 (0%)","0 (0%)","0 (0%)","0 (0%)","1 (0.7%)","0 (0%)","0 (0%)","1 (1.3%)","0 (0%)","1 (1.3%)","0 (0%)","0 (0%)","1 (2%)","0 (0%)","0 (0%)","0 (0%)","1 (0.9%)","0 (0%)"
"","","","","","","","","","","","","","","","","","","","",""
"","","","","","","","","","","","","","","","","","","","",""
"TABLE: s12","","","","","","","","","","","","","","","","","","","",""
"Over 5 years ago","0 (0%)","0 (0%)","0 (0%)","0 (0%)","0 (0%)","0 (0%)","0 (0%)","0 (0%)","0 (0%)","0 (0%)","0 (0%)","0 (0%)","0 (0%)","0 (0%)","0 (0%)","0 (0%)","0 (0%)","0 (0%)","0 (0%)","0 (0%)"
"Within the last 3-5 years","0 (0%)","0 (0%)","0 (0%)","0 (0%)","0 (0%)","0 (0%)","0 (0%)","0 (0%)","0 (0%)","0 (0%)","0 (0%)","0 (0%)","0 (0%)","0 (0%)","0 (0%)","0 (0%)","0 (0%)","0 (0%)","0 (0%)","0 (0%)"
"Within the last 1-2 years","2 (1.3%)","0 (0%)","2 (4%)","0 (0%)","0 (0%)","0 (0%)","2 (1.4%)","0 (0%)","2 (2.6%)","0 (0%)","1 (2.9%)","1 (1.3%)","0 (0%)","0 (0%)","1 (2%)","0 (0%)","0 (0%)","1 (2.2%)","1 (0.9%)","1 (2.6%)"
"Within the last year","7 (4.6%)","0 (0%)","4 (8%)","0 (0%)","1 (10%)","0 (0%)","7 (4.9%)","0 (0%)","3 (3.9%)","4 (5.3%)","1 (2.9%)","2 (2.6%)","3 (8.6%)","1 (16.7%)","1 (2%)","0 (0%)","2 (7.1%)","4 (8.9%)","4 (3.6%)","3 (7.7%)"
"","","","","","","","","","","","","","","","","","","","",""
"","","","","","","","","","","","","","","","","","","","",""
"TABLE: a1","","","","","","","","","","","","","","","","","","","",""
"Leqvio (inclisiran)","94 (62.3%)","0 (0%)","32 (64%)","0 (0%)","1 (10%)","2 (20%)","77 (53.8%)","7 (87.5%)","47 (61.8%)","47 (62.7%)","20 (58.8%)","50 (65.8%)","19 (54.3%)","5 (83.3%)","30 (61.2%)","18 (64.3%)","20 (71.4%)","25 (55.6%)","69 (61.6%)","25 (64.1%)"
"Praluent (alirocumab)","94 (62.3%)","0 (0%)","27 (54%)","0 (0%)","2 (20%)","2 (20%)","78 (54.5%)","6 (75%)","48 (63.2%)","46 (61.3%)","22 (64.7%)","45 (59.2%)","22 (62.9%)","5 (83.3%)","31 (63.3%)","15 (53.6%)","18 (64.3%)","29 (64.4%)","65 (58%)","29 (74.4%)"
"Repatha (evolocumab)","95 (62.9%)","0 (0%)","30 (60%)","0 (0%)","2 (20%)","2 (20%)","79 (55.2%)","6 (75%)","49 (64.5%)","46 (61.3%)","20 (58.8%)","49 (64.5%)","21 (60%)","5 (83.3%)","29 (59.2%)","16 (57.1%)","21 (75%)","28 (62.2%)","65 (58%)","30 (76.9%)"
"Nexletol (bempedoic acid) or Nexlizet (bempedoic acid and ezetimibe)","89 (58.9%)","0 (0%)","28 (56%)","0 (0%)","2 (20%)","2 (20%)","72 (50.3%)","6 (75%)","47 (61.8%)","42 (56%)","21 (61.8%)","43 (56.6%)","24 (68.6%)","1 (16.7%)","28 (57.1%)","16 (57.1%)","18 (64.3%)","27 (60%)","64 (57.1%)","25 (64.1%)"
"","","","","","","","","","","","","","","","","","","","",""
"","","","","","","","","","","","","","","","","","","","",""
"TABLE: a3","","","","","","","","","","","","","","","","","","","",""
"Statin only (i.e., no additional therapy)","0 (0%)","0 (0%)","0 (0%)","0 (0%)","0 (0%)","0 (0%)","0 (0%)","0 (0%)","0 (0%)","0 (0%)","0 (0%)","0 (0%)","0 (0%)","0 (0%)","0 (0%)","0 (0%)","0 (0%)","0 (0%)","0 (0%)","0 (0%)"
"Leqvio (inclisiran)","12 (7.9%)","0 (0%)","5 (10%)","0 (0%)","1 (10%)","0 (0%)","11 (7.7%)","0 (0%)","3 (3.9%)","9 (12%)","2 (5.9%)","5 (6.6%)","5 (14.3%)","0 (0%)","4 (8.2%)","0 (0%)","4 (14.3%)","4 (8.9%)","9 (8%)","3 (7.7%)"
"Praluent (alirocumab)","9 (6%)","0 (0%)","5 (10%)","0 (0%)","0 (0%)","0 (0%)","7 (4.9%)","1 (12.5%)","3 (3.9%)","6 (8%)","3 (8.8%)","4 (5.3%)","2 (5.7%)","0 (0%)","4 (8.2%)","1 (3.6%)","3 (10.7%)","1 (2.2%)","6 (5.4%)","3 (7.7%)"
"Repatha (evolocumab)","3 (2%)","0 (0%)","1 (2%)","0 (0%)","0 (0%)","0 (0%)","3 (2.1%)","0 (0%)","2 (2.6%)","1 (1.3%)","1 (2.9%)","1 (1.3%)","1 (2.9%)","0 (0%)","1 (2%)","1 (3.6%)","1 (3.6%)","0 (0%)","3 (2.7%)","0 (0%)"
"Zetia (ezetimibe) or generic ezetimibe","2 (1.3%)","0 (0%)","0 (0%)","0 (0%)","0 (0%)","0 (0%)","2 (1.4%)","0 (0%)","2 (2.6%)","0 (0%)","1 (2.9%)","1 (1.3%)","0 (0%)","0 (0%)","1 (2%)","1 (3.6%)","0 (0%)","0 (0%)","2 (1.8%)","0 (0%)"
"Nexletol (bempedoic acid) or Nexlizet (bempedoic acid and ezetimibe)","12 (7.9%)","0 (0%)","2 (4%)","0 (0%)","0 (0%)","0 (0%)","8 (5.6%)","2 (25%)","5 (6.6%)","7 (9.3%)","4 (11.8%)","5 (6.6%)","3 (8.6%)","0 (0%)","5 (10.2%)","4 (14.3%)","1 (3.6%)","2 (4.4%)","10 (8.9%)","2 (5.1%)"
"Other","0 (0%)","0 (0%)","0 (0%)","0 (0%)","0 (0%)","0 (0%)","0 (0%)","0 (0%)","0 (0%)","0 (0%)","0 (0%)","0 (0%)","0 (0%)","0 (0%)","0 (0%)","0 (0%)","0 (0%)","0 (0%)","0 (0%)","0 (0%)"
"","","","","","","","","","","","","","","","","","","","",""
"","","","","","","","","","","","","","","","","","","","",""
"TABLE: a3a","","","","","","","","","","","","","","","","","","","",""
"In addition to statin","0 (0%)","0 (0%)","0 (0%)","0 (0%)","0 (0%)","0 (0%)","0 (0%)","0 (0%)","0 (0%)","0 (0%)","0 (0%)","0 (0%)","0 (0%)","0 (0%)","0 (0%)","0 (0%)","0 (0%)","0 (0%)","0 (0%)","0 (0%)"
"Without a statin","0 (0%)","0 (0%)","0 (0%)","0 (0%)","0 (0%)","0 (0%)","0 (0%)","0 (0%)","0 (0%)","0 (0%)","0 (0%)","0 (0%)","0 (0%)","0 (0%)","0 (0%)","0 (0%)","0 (0%)","0 (0%)","0 (0%)","0 (0%)"
"In addition to statin","1 (0.7%)","0 (0%)","1 (2%)","0 (0%)","0 (0%)","0 (0%)","1 (0.7%)","0 (0%)","0 (0%)","1 (1.3%)","1 (2.9%)","0 (0%)","0 (0%)","0 (0%)","0 (0%)","0 (0%)","1 (3.6%)","0 (0%)","0 (0%)","1 (2.6%)"
"Without a statin","1 (0.7%)","0 (0%)","0 (0%)","0 (0%)","0 (0%)","0 (0%)","1 (0.7%)","0 (0%)","1 (1.3%)","0 (0%)","1 (2.9%)","0 (0%)","0 (0%)","0 (0%)","1 (2%)","0 (0%)","0 (0%)","0 (0%)","1 (0.9%)","0 (0%)"
"In addition to statin","0 (0%)","0 (0%)","0 (0%)","0 (0%)","0 (0%)","0 (0%)","0 (0%)","0 (0%)","0 (0%)","0 (0%)","0 (0%)","0 (0%)","0 (0%)","0 (0%)","0 (0%)","0 (0%)","0 (0%)","0 (0%)","0 (0%)","0 (0%)"
"Without a statin","2 (1.3%)","0 (0%)","0 (0%)","0 (0%)","0 (0%)","0 (0%)","2 (1.4%)","0 (0%)","2 (2.6%)","0 (0%)","1 (2.9%)","0 (0%)","0 (0%)","1 (16.7%)","1 (2%)","0 (0%)","0 (0%)","1 (2.2%)","2 (1.8%)","0 (0%)"
"In addition to statin","0 (0%)","0 (0%)","0 (0%)","0 (0%)","0 (0%)","0 (0%)","0 (0%)","0 (0%)","0 (0%)","0 (0%)","0 (0%)","0 (0%)","0 (0%)","0 (0%)","0 (0%)","0 (0%)","0 (0%)","0 (0%)","0 (0%)","0 (0%)"
"Without a statin","2 (1.3%)","0 (0%)","0 (0%)","0 (0%)","0 (0%)","0 (0%)","2 (1.4%)","0 (0%)","2 (2.6%)","0 (0%)","0 (0%)","1 (1.3%)","0 (0%)","1 (16.7%)","0 (0%)","1 (3.6%)","0 (0%)","1 (2.2%)","1 (0.9%)","1 (2.6%)"
"In addition to statin","1 (0.7%)","0 (0%)","0 (0%)","0 (0%)","0 (0%)","0 (0%)","1 (0.7%)","0 (0%)","1 (1.3%)","0 (0%)","0 (0%)","1 (1.3%)","0 (0%)","0 (0%)","0 (0%)","0 (0%)","0 (0%)","1 (2.2%)","0 (0%)","1 (2.6%)"
"Without a statin","1 (0.7%)","0 (0%)","1 (2%)","0 (0%)","0 (0%)","0 (0%)","1 (0.7%)","0 (0%)","0 (0%)","1 (1.3%)","0 (0%)","1 (1.3%)","0 (0%)","0 (0%)","0 (0%)","0 (0%)","1 (3.6%)","0 (0%)","0 (0%)","1 (2.6%)"
"","","","","","","","","","","","","","","","","","","","",""
"","","","","","","","","","","","","","","","","","","","",""
"TABLE: a3b","","","","","","","","","","","","","","","","","","","",""
"BEFORE any other lipid-lowering therapy (i.e., first line)","0 (0%)","0 (0%)","0 (0%)","0 (0%)","0 (0%)","0 (0%)","0 (0%)","0 (0%)","0 (0%)","0 (0%)","0 (0%)","0 (0%)","0 (0%)","0 (0%)","0 (0%)","0 (0%)","0 (0%)","0 (0%)","0 (0%)","0 (0%)"
"AFTER trying another lipid-lowering therapy","0 (0%)","0 (0%)","0 (0%)","0 (0%)","0 (0%)","0 (0%)","0 (0%)","0 (0%)","0 (0%)","0 (0%)","0 (0%)","0 (0%)","0 (0%)","0 (0%)","0 (0%)","0 (0%)","0 (0%)","0 (0%)","0 (0%)","0 (0%)"
"BEFORE any other lipid-lowering therapy (i.e., first line)","0 (0%)","0 (0%)","0 (0%)","0 (0%)","0 (0%)","0 (0%)","0 (0%)","0 (0%)","0 (0%)","0 (0%)","0 (0%)","0 (0%)","0 (0%)","0 (0%)","0 (0%)","0 (0%)","0 (0%)","0 (0%)","0 (0%)","0 (0%)"
"AFTER trying another lipid-lowering therapy","0 (0%)","0 (0%)","0 (0%)","0 (0%)","0 (0%)","0 (0%)","0 (0%)","0 (0%)","0 (0%)","0 (0%)","0 (0%)","0 (0%)","0 (0%)","0 (0%)","0 (0%)","0 (0%)","0 (0%)","0 (0%)","0 (0%)","0 (0%)"
"BEFORE any other lipid-lowering therapy (i.e., first line)","1 (0.7%)","0 (0%)","0 (0%)","0 (0%)","0 (0%)","0 (0%)","0 (0%)","1 (12.5%)","0 (0%)","1 (1.3%)","0 (0%)","1 (1.3%)","0 (0%)","0 (0%)","0 (0%)","0 (0%)","1 (3.6%)","0 (0%)","1 (0.9%)","0 (0%)"
"AFTER trying another lipid-lowering therapy","0 (0%)","0 (0%)","0 (0%)","0 (0%)","0 (0%)","0 (0%)","0 (0%)","0 (0%)","0 (0%)","0 (0%)","0 (0%)","0 (0%)","0 (0%)","0 (0%)","0 (0%)","0 (0%)","0 (0%)","0 (0%)","0 (0%)","0 (0%)"
"BEFORE any other lipid-lowering therapy (i.e., first line)","1 (0.7%)","0 (0%)","0 (0%)","0 (0%)","0 (0%)","0 (0%)","0 (0%)","1 (12.5%)","0 (0%)","1 (1.3%)","0 (0%)","1 (1.3%)","0 (0%)","0 (0%)","0 (0%)","0 (0%)","1 (3.6%)","0 (0%)","1 (0.9%)","0 (0%)"
"AFTER trying another lipid-lowering therapy","0 (0%)","0 (0%)","0 (0%)","0 (0%)","0 (0%)","0 (0%)","0 (0%)","0 (0%)","0 (0%)","0 (0%)","0 (0%)","0 (0%)","0 (0%)","0 (0%)","0 (0%)","0 (0%)","0 (0%)","0 (0%)","0 (0%)","0 (0%)"
"BEFORE any other lipid-lowering therapy (i.e., first line)","0 (0%)","0 (0%)","0 (0%)","0 (0%)","0 (0%)","0 (0%)","0 (0%)","0 (0%)","0 (0%)","0 (0%)","0 (0%)","0 (0%)","0 (0%)","0 (0%)","0 (0%)","0 (0%)","0 (0%)","0 (0%)","0 (0%)","0 (0%)"
"AFTER trying another lipid-lowering therapy","0 (0%)","0 (0%)","0 (0%)","0 (0%)","0 (0%)","0 (0%)","0 (0%)","0 (0%)","0 (0%)","0 (0%)","0 (0%)","0 (0%)","0 (0%)","0 (0%)","0 (0%)","0 (0%)","0 (0%)","0 (0%)","0 (0%)","0 (0%)"
"","","","","","","","","","","","","","","","","","","","",""
"","","","","","","","","","","","","","","","","","","","",""
"TABLE: a4","","","","","","","","","","","","","","","","","","","",""
"Statin only (i.e., no additional therapy)","0 (0%)","0 (0%)","0 (0%)","0 (0%)","0 (0%)","0 (0%)","0 (0%)","0 (0%)","0 (0%)","0 (0%)","0 (0%)","0 (0%)","0 (0%)","0 (0%)","0 (0%)","0 (0%)","0 (0%)","0 (0%)","0 (0%)","0 (0%)"
"Leqvio (inclisiran)","12 (7.9%)","0 (0%)","5 (10%)","0 (0%)","1 (10%)","0 (0%)","11 (7.7%)","0 (0%)","3 (3.9%)","9 (12%)","2 (5.9%)","5 (6.6%)","5 (14.3%)","0 (0%)","4 (8.2%)","0 (0%)","4 (14.3%)","4 (8.9%)","9 (8%)","3 (7.7%)"
"Praluent (alirocumab)","9 (6%)","0 (0%)","5 (10%)","0 (0%)","0 (0%)","0 (0%)","7 (4.9%)","1 (12.5%)","3 (3.9%)","6 (8%)","3 (8.8%)","4 (5.3%)","2 (5.7%)","0 (0%)","4 (8.2%)","1 (3.6%)","3 (10.7%)","1 (2.2%)","6 (5.4%)","3 (7.7%)"
"Repatha (evolocumab)","3 (2%)","0 (0%)","1 (2%)","0 (0%)","0 (0%)","0 (0%)","3 (2.1%)","0 (0%)","2 (2.6%)","1 (1.3%)","1 (2.9%)","1 (1.3%)","1 (2.9%)","0 (0%)","1 (2%)","1 (3.6%)","1 (3.6%)","0 (0%)","3 (2.7%)","0 (0%)"
"Zetia (ezetimibe) or generic ezetimibe","2 (1.3%)","0 (0%)","0 (0%)","0 (0%)","0 (0%)","0 (0%)","2 (1.4%)","0 (0%)","2 (2.6%)","0 (0%)","1 (2.9%)","1 (1.3%)","0 (0%)","0 (0%)","1 (2%)","1 (3.6%)","0 (0%)","0 (0%)","2 (1.8%)","0 (0%)"
"Nexletol (bempedoic acid) or Nexlizet (bempedoic acid and ezetimibe)","12 (7.9%)","0 (0%)","2 (4%)","0 (0%)","0 (0%)","0 (0%)","8 (5.6%)","2 (25%)","5 (6.6%)","7 (9.3%)","4 (11.8%)","5 (6.6%)","3 (8.6%)","0 (0%)","5 (10.2%)","4 (14.3%)","1 (3.6%)","2 (4.4%)","10 (8.9%)","2 (5.1%)"
"Other","0 (0%)","0 (0%)","0 (0%)","0 (0%)","0 (0%)","0 (0%)","0 (0%)","0 (0%)","0 (0%)","0 (0%)","0 (0%)","0 (0%)","0 (0%)","0 (0%)","0 (0%)","0 (0%)","0 (0%)","0 (0%)","0 (0%)","0 (0%)"
"Statin only (i.e., no additional therapy)","0 (0%)","0 (0%)","0 (0%)","0 (0%)","0 (0%)","0 (0%)","0 (0%)","0 (0%)","0 (0%)","0 (0%)","0 (0%)","0 (0%)","0 (0%)","0 (0%)","0 (0%)","0 (0%)","0 (0%)","0 (0%)","0 (0%)","0 (0%)"
"Leqvio (inclisiran)","8 (5.3%)","0 (0%)","3 (6%)","0 (0%)","1 (10%)","0 (0%)","8 (5.6%)","0 (0%)","3 (3.9%)","5 (6.7%)","1 (2.9%)","5 (6.6%)","2 (5.7%)","0 (0%)","3 (6.1%)","0 (0%)","2 (7.1%)","3 (6.7%)","5 (4.5%)","3 (7.7%)"
"Praluent (alirocumab)","7 (4.6%)","0 (0%)","5 (10%)","0 (0%)","0 (0%)","0 (0%)","6 (4.2%)","0 (0%)","2 (2.6%)","5 (6.7%)","3 (8.8%)","3 (3.9%)","1 (2.9%)","0 (0%)","3 (6.1%)","1 (3.6%)","3 (10.7%)","0 (0%)","5 (4.5%)","2 (5.1%)"
"Repatha (evolocumab)","1 (0.7%)","0 (0%)","0 (0%)","0 (0%)","0 (0%)","0 (0%)","1 (0.7%)","0 (0%)","1 (1.3%)","0 (0%)","1 (2.9%)","0 (0%)","0 (0%)","0 (0%)","1 (2%)","0 (0%)","0 (0%)","0 (0%)","1 (0.9%)","0 (0%)"
"Zetia (ezetimibe) or generic ezetimibe","2 (1.3%)","0 (0%)","0 (0%)","0 (0%)","0 (0%)","0 (0%)","2 (1.4%)","0 (0%)","2 (2.6%)","0 (0%)","1 (2.9%)","1 (1.3%)","0 (0%)","0 (0%)","1 (2%)","1 (3.6%)","0 (0%)","0 (0%)","2 (1.8%)","0 (0%)"
"Nexletol (bempedoic acid) or Nexlizet (bempedoic acid and ezetimibe)","9 (6%)","0 (0%)","1 (2%)","0 (0%)","0 (0%)","0 (0%)","7 (4.9%)","0 (0%)","4 (5.3%)","5 (6.7%)","4 (11.8%)","3 (3.9%)","2 (5.7%)","0 (0%)","5 (10.2%)","2 (7.1%)","1 (3.6%)","1 (2.2%)","9 (8%)","0 (0%)"
"Other","0 (0%)","0 (0%)","0 (0%)","0 (0%)","0 (0%)","0 (0%)","0 (0%)","0 (0%)","0 (0%)","0 (0%)","0 (0%)","0 (0%)","0 (0%)","0 (0%)","0 (0%)","0 (0%)","0 (0%)","0 (0%)","0 (0%)","0 (0%)"
"","","","","","","","","","","","","","","","","","","","",""
"","","","","","","","","","","","","","","","","","","","",""
"TABLE: a4a","","","","","","","","","","","","","","","","","","","",""
"NEXT 100 [res PatientHoverover2] with Uncontrolled LDL-C","0 (0%)","0 (0%)","0 (0%)","0 (0%)","0 (0%)","0 (0%)","0 (0%)","0 (0%)","0 (0%)","0 (0%)","0 (0%)","0 (0%)","0 (0%)","0 (0%)","0 (0%)","0 (0%)","0 (0%)","0 (0%)","0 (0%)","0 (0%)"
"NEXT 100 [res PatientHoverover2] with Uncontrolled LDL-C","0 (0%)","0 (0%)","0 (0%)","0 (0%)","0 (0%)","0 (0%)","0 (0%)","0 (0%)","0 (0%)","0 (0%)","0 (0%)","0 (0%)","0 (0%)","0 (0%)","0 (0%)","0 (0%)","0 (0%)","0 (0%)","0 (0%)","0 (0%)"
"NEXT 100 [res PatientHoverover2] with Uncontrolled LDL-C","1 (0.7%)","0 (0%)","1 (2%)","0 (0%)","0 (0%)","0 (0%)","1 (0.7%)","0 (0%)","0 (0%)","1 (1.3%)","1 (2.9%)","0 (0%)","0 (0%)","0 (0%)","0 (0%)","0 (0%)","1 (3.6%)","0 (0%)","0 (0%)","1 (2.6%)"
"NEXT 100 [res PatientHoverover2] with Uncontrolled LDL-C","1 (0.7%)","0 (0%)","0 (0%)","0 (0%)","0 (0%)","0 (0%)","1 (0.7%)","0 (0%)","1 (1.3%)","0 (0%)","1 (2.9%)","0 (0%)","0 (0%)","0 (0%)","1 (2%)","0 (0%)","0 (0%)","0 (0%)","1 (0.9%)","0 (0%)"
"NEXT 100 [res PatientHoverover2] with Uncontrolled LDL-C","0 (0%)","0 (0%)","0 (0%)","0 (0%)","0 (0%)","0 (0%)","0 (0%)","0 (0%)","0 (0%)","0 (0%)","0 (0%)","0 (0%)","0 (0%)","0 (0%)","0 (0%)","0 (0%)","0 (0%)","0 (0%)","0 (0%)","0 (0%)"
"NEXT 100 [res PatientHoverover2] with Uncontrolled LDL-C","2 (1.3%)","0 (0%)","0 (0%)","0 (0%)","0 (0%)","0 (0%)","2 (1.4%)","0 (0%)","2 (2.6%)","0 (0%)","1 (2.9%)","0 (0%)","0 (0%)","1 (16.7%)","1 (2%)","0 (0%)","0 (0%)","1 (2.2%)","2 (1.8%)","0 (0%)"
"NEXT 100 [res PatientHoverover2] with Uncontrolled LDL-C","0 (0%)","0 (0%)","0 (0%)","0 (0%)","0 (0%)","0 (0%)","0 (0%)","0 (0%)","0 (0%)","0 (0%)","0 (0%)","0 (0%)","0 (0%)","0 (0%)","0 (0%)","0 (0%)","0 (0%)","0 (0%)","0 (0%)","0 (0%)"
"NEXT 100 [res PatientHoverover2] with Uncontrolled LDL-C","2 (1.3%)","0 (0%)","0 (0%)","0 (0%)","0 (0%)","0 (0%)","2 (1.4%)","0 (0%)","2 (2.6%)","0 (0%)","0 (0%)","1 (1.3%)","0 (0%)","1 (16.7%)","0 (0%)","1 (3.6%)","0 (0%)","1 (2.2%)","1 (0.9%)","1 (2.6%)"
"NEXT 100 [res PatientHoverover2] with Uncontrolled LDL-C","0 (0%)","0 (0%)","0 (0%)","0 (0%)","0 (0%)","0 (0%)","0 (0%)","0 (0%)","0 (0%)","0 (0%)","0 (0%)","0 (0%)","0 (0%)","0 (0%)","0 (0%)","0 (0%)","0 (0%)","0 (0%)","0 (0%)","0 (0%)"
"NEXT 100 [res PatientHoverover2] with Uncontrolled LDL-C","1 (0.7%)","0 (0%)","1 (2%)","0 (0%)","0 (0%)","0 (0%)","1 (0.7%)","0 (0%)","0 (0%)","1 (1.3%)","0 (0%)","1 (1.3%)","0 (0%)","0 (0%)","0 (0%)","0 (0%)","1 (3.6%)","0 (0%)","0 (0%)","1 (2.6%)"
"","","","","","","","","","","","","","","","","","","","",""
"","","","","","","","","","","","","","","","","","","","",""
"TABLE: a4b","","","","","","","","","","","","","","","","","","","",""
"Next treatment allocation","0 (0%)","0 (0%)","0 (0%)","0 (0%)","0 (0%)","0 (0%)","0 (0%)","0 (0%)","0 (0%)","0 (0%)","0 (0%)","0 (0%)","0 (0%)","0 (0%)","0 (0%)","0 (0%)","0 (0%)","0 (0%)","0 (0%)","0 (0%)"
"Next treatment allocation","0 (0%)","0 (0%)","0 (0%)","0 (0%)","0 (0%)","0 (0%)","0 (0%)","0 (0%)","0 (0%)","0 (0%)","0 (0%)","0 (0%)","0 (0%)","0 (0%)","0 (0%)","0 (0%)","0 (0%)","0 (0%)","0 (0%)","0 (0%)"
"Next treatment allocation","0 (0%)","0 (0%)","0 (0%)","0 (0%)","0 (0%)","0 (0%)","0 (0%)","0 (0%)","0 (0%)","0 (0%)","0 (0%)","0 (0%)","0 (0%)","0 (0%)","0 (0%)","0 (0%)","0 (0%)","0 (0%)","0 (0%)","0 (0%)"
"Next treatment allocation","0 (0%)","0 (0%)","0 (0%)","0 (0%)","0 (0%)","0 (0%)","0 (0%)","0 (0%)","0 (0%)","0 (0%)","0 (0%)","0 (0%)","0 (0%)","0 (0%)","0 (0%)","0 (0%)","0 (0%)","0 (0%)","0 (0%)","0 (0%)"
"Next treatment allocation","0 (0%)","0 (0%)","0 (0%)","0 (0%)","0 (0%)","0 (0%)","0 (0%)","0 (0%)","0 (0%)","0 (0%)","0 (0%)","0 (0%)","0 (0%)","0 (0%)","0 (0%)","0 (0%)","0 (0%)","0 (0%)","0 (0%)","0 (0%)"
"Next treatment allocation","0 (0%)","0 (0%)","0 (0%)","0 (0%)","0 (0%)","0 (0%)","0 (0%)","0 (0%)","0 (0%)","0 (0%)","0 (0%)","0 (0%)","0 (0%)","0 (0%)","0 (0%)","0 (0%)","0 (0%)","0 (0%)","0 (0%)","0 (0%)"
"Next treatment allocation","0 (0%)","0 (0%)","0 (0%)","0 (0%)","0 (0%)","0 (0%)","0 (0%)","0 (0%)","0 (0%)","0 (0%)","0 (0%)","0 (0%)","0 (0%)","0 (0%)","0 (0%)","0 (0%)","0 (0%)","0 (0%)","0 (0%)","0 (0%)"
"Next treatment allocation","0 (0%)","0 (0%)","0 (0%)","0 (0%)","0 (0%)","0 (0%)","0 (0%)","0 (0%)","0 (0%)","0 (0%)","0 (0%)","0 (0%)","0 (0%)","0 (0%)","0 (0%)","0 (0%)","0 (0%)","0 (0%)","0 (0%)","0 (0%)"
"Next treatment allocation","0 (0%)","0 (0%)","0 (0%)","0 (0%)","0 (0%)","0 (0%)","0 (0%)","0 (0%)","0 (0%)","0 (0%)","0 (0%)","0 (0%)","0 (0%)","0 (0%)","0 (0%)","0 (0%)","0 (0%)","0 (0%)","0 (0%)","0 (0%)"
"Next treatment allocation","0 (0%)","0 (0%)","0 (0%)","0 (0%)","0 (0%)","0 (0%)","0 (0%)","0 (0%)","0 (0%)","0 (0%)","0 (0%)","0 (0%)","0 (0%)","0 (0%)","0 (0%)","0 (0%)","0 (0%)","0 (0%)","0 (0%)","0 (0%)"
"","","","","","","","","","","","","","","","","","","","",""
"","","","","","","","","","","","","","","","","","","","",""
"TABLE: a6","","","","","","","","","","","","","","","","","","","",""
"Start statin first, add/switch to ezetimibe or Nexletol/Nexlizet if needed","80 (53%)","0 (0%)","24 (48%)","0 (0%)","1 (10%)","2 (20%)","72 (50.3%)","1 (12.5%)","42 (55.3%)","38 (50.7%)","19 (55.9%)","37 (48.7%)","20 (57.1%)","4 (66.7%)","29 (59.2%)","11 (39.3%)","18 (64.3%)","22 (48.9%)","59 (52.7%)","21 (53.8%)"
"Start statin and ezetimibe or Nexletol/Nexlizet at the same time","11 (7.3%)","0 (0%)","1 (2%)","0 (0%)","0 (0%)","0 (0%)","9 (6.3%)","0 (0%)","8 (10.5%)","3 (4%)","5 (14.7%)","5 (6.6%)","1 (2.9%)","0 (0%)","6 (12.2%)","1 (3.6%)","1 (3.6%)","3 (6.7%)","11 (9.8%)","0 (0%)"
"Start ezetimibe or Nexletol/Nexlizet, no statin","4 (2.6%)","0 (0%)","1 (2%)","0 (0%)","0 (0%)","0 (0%)","3 (2.1%)","1 (12.5%)","4 (5.3%)","0 (0%)","0 (0%)","4 (5.3%)","0 (0%)","0 (0%)","0 (0%)","2 (7.1%)","0 (0%)","2 (4.4%)","3 (2.7%)","1 (2.6%)"
"Start statin first, add/switch to PCSK9i if needed","35 (23.2%)","0 (0%)","11 (22%)","0 (0%)","1 (10%)","0 (0%)","28 (19.6%)","3 (37.5%)","12 (15.8%)","23 (30.7%)","6 (17.6%)","20 (26.3%)","8 (22.9%)","1 (16.7%)","11 (22.4%)","8 (28.6%)","5 (17.9%)","11 (24.4%)","27 (24.1%)","8 (20.5%)"
"Start statin and PCSK9i at the same time","4 (2.6%)","0 (0%)","1 (2%)","0 (0%)","0 (0%)","0 (0%)","1 (0.7%)","3 (37.5%)","1 (1.3%)","3 (4%)","1 (2.9%)","1 (1.3%)","2 (5.7%)","0 (0%)","0 (0%)","1 (3.6%)","1 (3.6%)","2 (4.4%)","2 (1.8%)","2 (5.1%)"
"Start PCSK9i, no statin","9 (6%)","0 (0%)","3 (6%)","0 (0%)","0 (0%)","0 (0%)","7 (4.9%)","0 (0%)","5 (6.6%)","4 (5.3%)","3 (8.8%)","3 (3.9%)","2 (5.7%)","1 (16.7%)","2 (4.1%)","3 (10.7%)","3 (10.7%)","0 (0%)","5 (4.5%)","4 (10.3%)"
"Start statin first, add/switch to ezetimibe or Nexletol/Nexlizet if needed, add/switch to PCSK9i if needed after that","8 (5.3%)","0 (0%)","1 (2%)","0 (0%)","0 (0%)","0 (0%)","5 (3.5%)","0 (0%)","4 (5.3%)","4 (5.3%)","0 (0%)","6 (7.9%)","2 (5.7%)","0 (0%)","1 (2%)","2 (7.1%)","0 (0%)","5 (11.1%)","5 (4.5%)","3 (7.7%)"
"Other","0 (0%)","0 (0%)","0 (0%)","0 (0%)","0 (0%)","0 (0%)","0 (0%)","0 (0%)","0 (0%)","0 (0%)","0 (0%)","0 (0%)","0 (0%)","0 (0%)","0 (0%)","0 (0%)","0 (0%)","0 (0%)","0 (0%)","0 (0%)"
"","","","","","","","","","","","","","","","","","","","",""
"","","","","","","","","","","","","","","","","","","","",""
"TABLE: a7","","","","","","","","","","","","","","","","","","","",""
"Makes PCSK9s easier to get covered by insurance / get patients on the medication","94 (62.3%)","0 (0%)","26 (52%)","0 (0%)","1 (10%)","1 (10%)","76 (53.1%)","7 (87.5%)","53 (69.7%)","41 (54.7%)","23 (67.6%)","45 (59.2%)","22 (62.9%)","4 (66.7%)","32 (65.3%)","15 (53.6%)","17 (60.7%)","30 (66.7%)","68 (60.7%)","26 (66.7%)"
"Offers an option to patients who can�t or won�t take a statin","85 (56.3%)","0 (0%)","27 (54%)","0 (0%)","1 (10%)","2 (20%)","70 (49%)","6 (75%)","36 (47.4%)","49 (65.3%)","22 (64.7%)","43 (56.6%)","18 (51.4%)","2 (33.3%)","31 (63.3%)","13 (46.4%)","19 (67.9%)","22 (48.9%)","62 (55.4%)","23 (59%)"
"Enables me to use PCSK9s sooner for patients","75 (49.7%)","0 (0%)","20 (40%)","0 (0%)","1 (10%)","1 (10%)","64 (44.8%)","4 (50%)","36 (47.4%)","39 (52%)","16 (47.1%)","38 (50%)","19 (54.3%)","2 (33.3%)","24 (49%)","13 (46.4%)","14 (50%)","23 (51.1%)","59 (52.7%)","16 (41%)"
"Allows me to better customize treatment plans for patients","62 (41.1%)","0 (0%)","23 (46%)","0 (0%)","0 (0%)","0 (0%)","49 (34.3%)","5 (62.5%)","28 (36.8%)","34 (45.3%)","15 (44.1%)","30 (39.5%)","16 (45.7%)","1 (16.7%)","21 (42.9%)","10 (35.7%)","15 (53.6%)","16 (35.6%)","46 (41.1%)","16 (41%)"
"Other (Specify)","1 (0.7%)","0 (0%)","0 (0%)","0 (0%)","1 (10%)","0 (0%)","1 (0.7%)","0 (0%)","0 (0%)","1 (1.3%)","0 (0%)","0 (0%)","1 (2.9%)","0 (0%)","0 (0%)","0 (0%)","0 (0%)","1 (2.2%)","1 (0.9%)","0 (0%)"
"","","","","","","","","","","","","","","","","","","","",""
"","","","","","","","","","","","","","","","","","","","",""
"TABLE: a8","","","","","","","","","","","","","","","","","","","",""
"Repatha","3 (2%)","0 (0%)","2 (4%)","0 (0%)","0 (0%)","0 (0%)","3 (2.1%)","0 (0%)","1 (1.3%)","2 (2.7%)","0 (0%)","2 (2.6%)","1 (2.9%)","0 (0%)","0 (0%)","1 (3.6%)","1 (3.6%)","1 (2.2%)","1 (0.9%)","2 (5.1%)"
"Praluent","15 (9.9%)","0 (0%)","5 (10%)","0 (0%)","1 (10%)","0 (0%)","15 (10.5%)","0 (0%)","9 (11.8%)","6 (8%)","2 (5.9%)","7 (9.2%)","5 (14.3%)","1 (16.7%)","3 (6.1%)","2 (7.1%)","2 (7.1%)","8 (17.8%)","10 (8.9%)","5 (12.8%)"
"Leqvio","11 (7.3%)","0 (0%)","4 (8%)","0 (0%)","1 (10%)","0 (0%)","10 (7%)","0 (0%)","7 (9.2%)","4 (5.3%)","2 (5.9%)","5 (6.6%)","2 (5.7%)","2 (33.3%)","2 (4.1%)","1 (3.6%)","2 (7.1%)","6 (13.3%)","7 (6.2%)","4 (10.3%)"
"Repatha","7 (4.6%)","0 (0%)","3 (6%)","0 (0%)","0 (0%)","0 (0%)","6 (4.2%)","0 (0%)","2 (2.6%)","5 (6.7%)","0 (0%)","3 (3.9%)","3 (8.6%)","1 (16.7%)","0 (0%)","1 (3.6%)","3 (10.7%)","3 (6.7%)","4 (3.6%)","3 (7.7%)"
"Praluent","20 (13.2%)","0 (0%)","8 (16%)","0 (0%)","1 (10%)","0 (0%)","19 (13.3%)","0 (0%)","10 (13.2%)","10 (13.3%)","2 (5.9%)","9 (11.8%)","7 (20%)","2 (33.3%)","3 (6.1%)","2 (7.1%)","5 (17.9%)","10 (22.2%)","12 (10.7%)","8 (20.5%)"
"Leqvio","28 (18.5%)","0 (0%)","5 (10%)","0 (0%)","1 (10%)","0 (0%)","22 (15.4%)","1 (12.5%)","14 (18.4%)","14 (18.7%)","4 (11.8%)","12 (15.8%)","10 (28.6%)","2 (33.3%)","5 (10.2%)","3 (10.7%)","3 (10.7%)","17 (37.8%)","20 (17.9%)","8 (20.5%)"
"Repatha","31 (20.5%)","0 (0%)","7 (14%)","0 (0%)","1 (10%)","0 (0%)","29 (20.3%)","0 (0%)","14 (18.4%)","17 (22.7%)","3 (8.8%)","16 (21.1%)","11 (31.4%)","1 (16.7%)","6 (12.2%)","5 (17.9%)","6 (21.4%)","14 (31.1%)","17 (15.2%)","14 (35.9%)"
"Praluent","42 (27.8%)","0 (0%)","10 (20%)","0 (0%)","2 (20%)","0 (0%)","39 (27.3%)","1 (12.5%)","20 (26.3%)","22 (29.3%)","5 (14.7%)","21 (27.6%)","14 (40%)","2 (33.3%)","7 (14.3%)","9 (32.1%)","7 (25%)","19 (42.2%)","22 (19.6%)","20 (51.3%)"
"Leqvio","50 (33.1%)","0 (0%)","11 (22%)","0 (0%)","2 (20%)","0 (0%)","45 (31.5%)","1 (12.5%)","26 (34.2%)","24 (32%)","6 (17.6%)","23 (30.3%)","17 (48.6%)","4 (66.7%)","10 (20.4%)","7 (25%)","7 (25%)","25 (55.6%)","32 (28.6%)","18 (46.2%)"
"Repatha","13 (8.6%)","0 (0%)","3 (6%)","0 (0%)","0 (0%)","0 (0%)","12 (8.4%)","0 (0%)","7 (9.2%)","6 (8%)","3 (8.8%)","5 (6.6%)","5 (14.3%)","0 (0%)","5 (10.2%)","1 (3.6%)","2 (7.1%)","5 (11.1%)","8 (7.1%)","5 (12.8%)"
"Praluent","21 (13.9%)","0 (0%)","7 (14%)","0 (0%)","1 (10%)","0 (0%)","19 (13.3%)","0 (0%)","12 (15.8%)","9 (12%)","4 (11.8%)","10 (13.2%)","6 (17.1%)","1 (16.7%)","7 (14.3%)","1 (3.6%)","3 (10.7%)","10 (22.2%)","14 (12.5%)","7 (17.9%)"
"Leqvio","19 (12.6%)","0 (0%)","6 (12%)","0 (0%)","1 (10%)","0 (0%)","18 (12.6%)","0 (0%)","11 (14.5%)","8 (10.7%)","3 (8.8%)","6 (7.9%)","8 (22.9%)","2 (33.3%)","4 (8.2%)","1 (3.6%)","4 (14.3%)","10 (22.2%)","13 (11.6%)","6 (15.4%)"
"Repatha","1 (0.7%)","0 (0%)","0 (0%)","0 (0%)","0 (0%)","0 (0%)","1 (0.7%)","0 (0%)","1 (1.3%)","0 (0%)","0 (0%)","1 (1.3%)","0 (0%)","0 (0%)","0 (0%)","1 (3.6%)","0 (0%)","0 (0%)","1 (0.9%)","0 (0%)"
"Praluent","14 (9.3%)","0 (0%)","4 (8%)","0 (0%)","1 (10%)","0 (0%)","13 (9.1%)","1 (12.5%)","7 (9.2%)","7 (9.3%)","3 (8.8%)","6 (7.9%)","4 (11.4%)","1 (16.7%)","3 (6.1%)","2 (7.1%)","1 (3.6%)","8 (17.8%)","11 (9.8%)","3 (7.7%)"
"Leqvio","10 (6.6%)","0 (0%)","3 (6%)","0 (0%)","1 (10%)","0 (0%)","9 (6.3%)","0 (0%)","7 (9.2%)","3 (4%)","2 (5.9%)","4 (5.3%)","2 (5.7%)","2 (33.3%)","2 (4.1%)","1 (3.6%)","1 (3.6%)","6 (13.3%)","7 (6.2%)","3 (7.7%)"
"","","","","","","","","","","","","","","","","","","","",""
"","","","","","","","","","","","","","","","","","","","",""
"TABLE: a9","","","","","","","","","","","","","","","","","","","",""
"Repatha","29 (19.2%)","0 (0%)","7 (14%)","0 (0%)","0 (0%)","1 (10%)","23 (16.1%)","1 (12.5%)","14 (18.4%)","15 (20%)","8 (23.5%)","13 (17.1%)","8 (22.9%)","0 (0%)","13 (26.5%)","5 (17.9%)","4 (14.3%)","7 (15.6%)","23 (20.5%)","6 (15.4%)"
"Praluent","19 (12.6%)","0 (0%)","4 (8%)","0 (0%)","0 (0%)","0 (0%)","15 (10.5%)","1 (12.5%)","9 (11.8%)","10 (13.3%)","5 (14.7%)","8 (10.5%)","6 (17.1%)","0 (0%)","8 (16.3%)","3 (10.7%)","2 (7.1%)","6 (13.3%)","17 (15.2%)","2 (5.1%)"
"Leqvio","18 (11.9%)","0 (0%)","4 (8%)","0 (0%)","0 (0%)","0 (0%)","14 (9.8%)","1 (12.5%)","9 (11.8%)","9 (12%)","5 (14.7%)","10 (13.2%)","3 (8.6%)","0 (0%)","7 (14.3%)","4 (14.3%)","2 (7.1%)","5 (11.1%)","17 (15.2%)","1 (2.6%)"
"","","","","","","","","","","","","","","","","","","","",""
"","","","","","","","","","","","","","","","","","","","",""
"TABLE: a10","","","","","","","","","","","","","","","","","","","",""
"Patient failed statins prior to starting PCSK9i","96 (63.6%)","0 (0%)","22 (44%)","0 (0%)","2 (20%)","2 (20%)","82 (57.3%)","6 (75%)","50 (65.8%)","46 (61.3%)","21 (61.8%)","47 (61.8%)","25 (71.4%)","3 (50%)","33 (67.3%)","20 (71.4%)","16 (57.1%)","26 (57.8%)","71 (63.4%)","25 (64.1%)"
"Patient is statin intolerant","127 (84.1%)","0 (0%)","35 (70%)","0 (0%)","2 (20%)","2 (20%)","103 (72%)","8 (100%)","63 (82.9%)","64 (85.3%)","29 (85.3%)","61 (80.3%)","31 (88.6%)","6 (100%)","41 (83.7%)","23 (82.1%)","26 (92.9%)","36 (80%)","93 (83%)","34 (87.2%)"
"Patient refused statins","96 (63.6%)","0 (0%)","25 (50%)","0 (0%)","1 (10%)","2 (20%)","79 (55.2%)","7 (87.5%)","49 (64.5%)","47 (62.7%)","24 (70.6%)","50 (65.8%)","17 (48.6%)","5 (83.3%)","32 (65.3%)","20 (71.4%)","16 (57.1%)","27 (60%)","70 (62.5%)","26 (66.7%)"
"Statins are contraindicated for patient","81 (53.6%)","0 (0%)","26 (52%)","0 (0%)","0 (0%)","1 (10%)","66 (46.2%)","6 (75%)","37 (48.7%)","44 (58.7%)","18 (52.9%)","38 (50%)","20 (57.1%)","5 (83.3%)","28 (57.1%)","14 (50%)","19 (67.9%)","19 (42.2%)","59 (52.7%)","22 (56.4%)"
"Patient not or unlikely to be compliant on statins","39 (25.8%)","0 (0%)","9 (18%)","0 (0%)","0 (0%)","1 (10%)","29 (20.3%)","5 (62.5%)","20 (26.3%)","19 (25.3%)","9 (26.5%)","20 (26.3%)","6 (17.1%)","4 (66.7%)","16 (32.7%)","5 (17.9%)","8 (28.6%)","10 (22.2%)","31 (27.7%)","8 (20.5%)"
"Haven�t prescribed PCSK9s without a statin","3 (2%)","0 (0%)","3 (6%)","0 (0%)","0 (0%)","0 (0%)","3 (2.1%)","0 (0%)","1 (1.3%)","2 (2.7%)","0 (0%)","3 (3.9%)","0 (0%)","0 (0%)","0 (0%)","1 (3.6%)","1 (3.6%)","1 (2.2%)","3 (2.7%)","0 (0%)"
"","","","","","","","","","","","","","","","","","","","",""
"","","","","","","","","","","","","","","","","","","","",""
"TABLE: b1","","","","","","","","","","","","","","","","","","","",""
"Not insured","17 (11.3%)","0 (0%)","6 (12%)","0 (0%)","0 (0%)","0 (0%)","11 (7.7%)","2 (25%)","8 (10.5%)","9 (12%)","5 (14.7%)","9 (11.8%)","3 (8.6%)","0 (0%)","6 (12.2%)","4 (14.3%)","5 (17.9%)","2 (4.4%)","14 (12.5%)","3 (7.7%)"
"Private insurance provided by employer / purchased in exchange","0 (0%)","0 (0%)","0 (0%)","0 (0%)","0 (0%)","0 (0%)","0 (0%)","0 (0%)","0 (0%)","0 (0%)","0 (0%)","0 (0%)","0 (0%)","0 (0%)","0 (0%)","0 (0%)","0 (0%)","0 (0%)","0 (0%)","0 (0%)"
"Traditional Medicare (Medicare Part B Fee for Service)","0 (0%)","0 (0%)","0 (0%)","0 (0%)","0 (0%)","0 (0%)","0 (0%)","0 (0%)","0 (0%)","0 (0%)","0 (0%)","0 (0%)","0 (0%)","0 (0%)","0 (0%)","0 (0%)","0 (0%)","0 (0%)","0 (0%)","0 (0%)"
"Traditional Medicare with supplemental insurance","0 (0%)","0 (0%)","0 (0%)","0 (0%)","0 (0%)","0 (0%)","0 (0%)","0 (0%)","0 (0%)","0 (0%)","0 (0%)","0 (0%)","0 (0%)","0 (0%)","0 (0%)","0 (0%)","0 (0%)","0 (0%)","0 (0%)","0 (0%)"
"Private Medicare (Medicare Advantage / Part C managed through Private payer)","2 (1.3%)","0 (0%)","0 (0%)","0 (0%)","0 (0%)","0 (0%)","1 (0.7%)","0 (0%)","2 (2.6%)","0 (0%)","2 (5.9%)","0 (0%)","0 (0%)","0 (0%)","2 (4.1%)","0 (0%)","0 (0%)","0 (0%)","2 (1.8%)","0 (0%)"
"Medicaid","7 (4.6%)","0 (0%)","2 (4%)","0 (0%)","0 (0%)","0 (0%)","4 (2.8%)","1 (12.5%)","2 (2.6%)","5 (6.7%)","0 (0%)","7 (9.2%)","0 (0%)","0 (0%)","3 (6.1%)","2 (7.1%)","2 (7.1%)","0 (0%)","6 (5.4%)","1 (2.6%)"
"Veterans Administration (VA)","14 (9.3%)","0 (0%)","6 (12%)","0 (0%)","0 (0%)","0 (0%)","11 (7.7%)","2 (25%)","5 (6.6%)","9 (12%)","3 (8.8%)","11 (14.5%)","0 (0%)","0 (0%)","4 (8.2%)","5 (17.9%)","3 (10.7%)","2 (4.4%)","9 (8%)","5 (12.8%)"
"Other","0 (0%)","0 (0%)","0 (0%)","0 (0%)","0 (0%)","0 (0%)","0 (0%)","0 (0%)","0 (0%)","0 (0%)","0 (0%)","0 (0%)","0 (0%)","0 (0%)","0 (0%)","0 (0%)","0 (0%)","0 (0%)","0 (0%)","0 (0%)"
"","","","","","","","","","","","","","","","","","","","",""
"","","","","","","","","","","","","","","","","","","","",""
"TABLE: b5","","","","","","","","","","","","","","","","","","","",""
"Internal Medicine","24 (15.9%)","0 (0%)","24 (48%)","0 (0%)","0 (0%)","0 (0%)","23 (16.1%)","0 (0%)","9 (11.8%)","15 (20%)","3 (8.8%)","16 (21.1%)","4 (11.4%)","1 (16.7%)","3 (6.1%)","4 (14.3%)","11 (39.3%)","6 (13.3%)","11 (9.8%)","13 (33.3%)"
"General Practitioner","3 (2%)","0 (0%)","3 (6%)","0 (0%)","0 (0%)","0 (0%)","3 (2.1%)","0 (0%)","1 (1.3%)","2 (2.7%)","0 (0%)","1 (1.3%)","1 (2.9%)","1 (16.7%)","0 (0%)","0 (0%)","2 (7.1%)","1 (2.2%)","1 (0.9%)","2 (5.1%)"
"Primary Care","2 (1.3%)","0 (0%)","2 (4%)","0 (0%)","0 (0%)","0 (0%)","2 (1.4%)","0 (0%)","0 (0%)","2 (2.7%)","0 (0%)","0 (0%)","1 (2.9%)","1 (16.7%)","0 (0%)","0 (0%)","1 (3.6%)","1 (2.2%)","0 (0%)","2 (5.1%)"
"Family Practice","17 (11.3%)","0 (0%)","17 (34%)","0 (0%)","0 (0%)","0 (0%)","14 (9.8%)","0 (0%)","2 (2.6%)","15 (20%)","1 (2.9%)","10 (13.2%)","5 (14.3%)","1 (16.7%)","2 (4.1%)","2 (7.1%)","12 (42.9%)","1 (2.2%)","8 (7.1%)","9 (23.1%)"
"Doctor of Osteopathic Medicine (DO)","2 (1.3%)","0 (0%)","2 (4%)","0 (0%)","0 (0%)","0 (0%)","2 (1.4%)","0 (0%)","0 (0%)","2 (2.7%)","0 (0%)","1 (1.3%)","1 (2.9%)","0 (0%)","0 (0%)","1 (3.6%)","1 (3.6%)","0 (0%)","2 (1.8%)","0 (0%)"
"","","","","","","","","","","","","","","","","","","","",""
"","","","","","","","","","","","","","","","","","","","",""
